Workbook

Sheet How to use
A1: How to use
A3: 1. Open the Season tab — one row per owner, Weeks 1–17 across.
A4: 2. Each week: edit Player (type any name) + TD? (Yes/No dropdown).
A5: 3. Week 1 players are pre-filled. Change later weeks anytime.
A6: 4. After Sunday games, mark TD? Yes or No (anytime TD).
A7: 5. WEEK PARLAY row = HIT only if all 12 legs are Yes that week.
A8: 6. Right-side Hits / Misses / Open = that owner’s season counts.
A9: 7. Week 1 tab mirrors Season Week 1 (edit on Season).
A11: Week 1 openers — all games Sun 9/13/2026
A13: Nate — Saquon Barkley
A14: Bill — Tee Higgins
A15: Larry — Omarion Hampton
... A24: Jacob — Bijan Robinson

Sheet Season
A1: Wheels Up — TD Parlay (17 weeks)
A2: Edit Player each week · TD? Yes/No · Week 1 all games Sun 9/13/2026 · Weekly HIT = all 12 Yes
C3: Week 1 | E3: Week 2 | G3: Week 3 | I3: Week 4 | K3: Week 5 | M3: Week 6 | O3: Week 7 | Q3: Week 8 | S3: Week 9 | U3: Week 10 | W3: Week 11 | Y3: Week 12 | AA3: Week 13 | AC3: Week 14 | AE3: Week 15 | AG3: Week 16 | AI3: Week 17 | AK3: Hits | AL3: Misses | AM3: Open | AN3: TD weeks
A4: # | B4: Owner | C4: Player | D4: TD? | E4: Player | F4: TD? | G4: Player | H4: TD? | I4: Player | J4: TD? | K4: Player | L4: TD? | M4: Player | N4: TD? | O4: Player | P4: TD? | Q4: Player | R4: TD? | S4: Player | T4: TD? | U4: Player | V4: TD? | W4: Player | X4: TD? | Y4: Player | Z4: TD? | AA4: Player | AB4: TD? | AC4: Player | AD4: TD? | AE4: Player | AF4: TD? | AG4: Player | AH4: TD? | AI4: Player | AJ4: TD?
A5: 1 | B5: Nate | C5: Saquon Barkley | AK5: =IF(D5="Yes",1,0)+IF(F5="Yes",1,0)+IF(H5="Yes",1,0)+IF(J5="Yes",1,0)+IF(L5="Yes",1,0)+IF(N5="Yes",1,0)+IF(P5="Yes",1,0)+IF(R5="Yes",1,0)+IF(T5="Yes",1,0)+IF(V5="Yes",1,0)+IF(X5="Yes",1,0)+IF(Z5="Yes",1,0)+IF(AB5="Yes",1,0)+IF(AD5="Yes",1,0)+IF(AF5="Yes",1,0)+IF(AH5="Yes",1,0)+IF(AJ5="Yes",1,0) | AL5: =IF(D5="No",1,0)+IF(F5="No",1,0)+IF(H5="No",1,0)+IF(J5="No",1,0)+IF(L5="No",1,0)+IF(N5="No",1,0)+IF(P5="No",1,0)+IF(R5="No",1,0)+IF(T5="No",1,0)+IF(V5="No",1,0)+IF(X5="No",1,0)+IF(Z5="No",1,0)+IF(AB5="No",1,0)+IF(AD5="No",1,0)+IF(AF5="No",1,0)+IF(AH5="No",1,0)+IF(AJ5="No",1,0) | AM5: =IF(D5="",1,0)+IF(F5="",1,0)+IF(H5="",1,0)+IF(J5="",1,0)+IF(L5="",1,0)+IF(N5="",1,0)+IF(P5="",1,0)+IF(R5="",1,0)+IF(T5="",1,0)+IF(V5="",1,0)+IF(X5="",1,0)+IF(Z5="",1,0)+IF(AB5="",1,0)+IF(AD5="",1,0)+IF(AF5="",1,0)+IF(AH5="",1,0)+IF(AJ5="",1,0) | AN5: =IF(D5="Yes",1,0)+IF(F5="Yes",1,0)+IF(H5="Yes",1,0)+IF(J5="Yes",1,0)+IF(L5="Yes",1,0)+IF(N5="Yes",1,0)+IF(P5="Yes",1,0)+IF(R5="Yes",1,0)+IF(T5="Yes",1,0)+IF(V5="Yes",1,0)+IF(X5="Yes",1,0)+IF(Z5="Yes",1,0)+IF(AB5="Yes",1,0)+IF(AD5="Yes",1,0)+IF(AF5="Yes",1,0)+IF(AH5="Yes",1,0)+IF(AJ5="Yes",1,0)
A6: 2 | B6: Bill | C6: Tee Higgins | AK6: =IF(D6="Yes",1,0)+IF(F6="Yes",1,0)+IF(H6="Yes",1,0)+IF(J6="Yes",1,0)+IF(L6="Yes",1,0)+IF(N6="Yes",1,0)+IF(P6="Yes",1,0)+IF(R6="Yes",1,0)+IF(T6="Yes",1,0)+IF(V6="Yes",1,0)+IF(X6="Yes",1,0)+IF(Z6="Yes",1,0)+IF(AB6="Yes",1,0)+IF(AD6="Yes",1,0)+IF(AF6="Yes",1,0)+IF(AH6="Yes",1,0)+IF(AJ6="Yes",1,0) | AL6: =IF(D6="No",1,0)+IF(F6="No",1,0)+IF(H6="No",1,0)+IF(J6="No",1,0)+IF(L6="No",1,0)+IF(N6="No",1,0)+IF(P6="No",1,0)+IF(R6="No",1,0)+IF(T6="No",1,0)+IF(V6="No",1,0)+IF(X6="No",1,0)+IF(Z6="No",1,0)+IF(AB6="No",1,0)+IF(AD6="No",1,0)+IF(AF6="No",1,0)+IF(AH6="No",1,0)+IF(AJ6="No",1,0) | AM6: =IF(D6="",1,0)+IF(F6="",1,0)+IF(H6="",1,0)+IF(J6="",1,0)+IF(L6="",1,0)+IF(N6="",1,0)+IF(P6="",1,0)+IF(R6="",1,0)+IF(T6="",1,0)+IF(V6="",1,0)+IF(X6="",1,0)+IF(Z6="",1,0)+IF(AB6="",1,0)+IF(AD6="",1,0)+IF(AF6="",1,0)+IF(AH6="",1,0)+IF(AJ6="",1,0) | AN6: =IF(D6="Yes",1,0)+IF(F6="Yes",1,0)+IF(H6="Yes",1,0)+IF(J6="Yes",1,0)+IF(L6="Yes",1,0)+IF(N6="Yes",1,0)+IF(P6="Yes",1,0)+IF(R6="Yes",1,0)+IF(T6="Yes",1,0)+IF(V6="Yes",1,0)+IF(X6="Yes",1,0)+IF(Z6="Yes",1,0)+IF(AB6="Yes",1,0)+IF(AD6="Yes",1,0)+IF(AF6="Yes",1,0)+IF(AH6="Yes",1,0)+IF(AJ6="Yes",1,0)
A7: 3 | B7: Larry | C7: Omarion Hampton | AK7: =IF(D7="Yes",1,0)+IF(F7="Yes",1,0)+IF(H7="Yes",1,0)+IF(J7="Yes",1,0)+IF(L7="Yes",1,0)+IF(N7="Yes",1,0)+IF(P7="Yes",1,0)+IF(R7="Yes",1,0)+IF(T7="Yes",1,0)+IF(V7="Yes",1,0)+IF(X7="Yes",1,0)+IF(Z7="Yes",1,0)+IF(AB7="Yes",1,0)+IF(AD7="Yes",1,0)+IF(AF7="Yes",1,0)+IF(AH7="Yes",1,0)+IF(AJ7="Yes",1,0) | AL7: =IF(D7="No",1,0)+IF(F7="No",1,0)+IF(H7="No",1,0)+IF(J7="No",1,0)+IF(L7="No",1,0)+IF(N7="No",1,0)+IF(P7="No",1,0)+IF(R7="No",1,0)+IF(T7="No",1,0)+IF(V7="No",1,0)+IF(X7="No",1,0)+IF(Z7="No",1,0)+IF(AB7="No",1,0)+IF(AD7="No",1,0)+IF(AF7="No",1,0)+IF(AH7="No",1,0)+IF(AJ7="No",1,0) | AM7: =IF(D7="",1,0)+IF(F7="",1,0)+IF(H7="",1,0)+IF(J7="",1,0)+IF(L7="",1,0)+IF(N7="",1,0)+IF(P7="",1,0)+IF(R7="",1,0)+IF(T7="",1,0)+IF(V7="",1,0)+IF(X7="",1,0)+IF(Z7="",1,0)+IF(AB7="",1,0)+IF(AD7="",1,0)+IF(AF7="",1,0)+IF(AH7="",1,0)+IF(AJ7="",1,0) | AN7: =IF(D7="Yes",1,0)+IF(F7="Yes",1,0)+IF(H7="Yes",1,0)+IF(J7="Yes",1,0)+IF(L7="Yes",1,0)+IF(N7="Yes",1,0)+IF(P7="Yes",1,0)+IF(R7="Yes",1,0)+IF(T7="Yes",1,0)+IF(V7="Yes",1,0)+IF(X7="Yes",1,0)+IF(Z7="Yes",1,0)+IF(AB7="Yes",1,0)+IF(AD7="Yes",1,0)+IF(AF7="Yes",1,0)+IF(AH7="Yes",1,0)+IF(AJ7="Yes",1,0)
A8: 4 | B8: Aga | C8: Javonte Williams | AK8: =IF(D8="Yes",1,0)+IF(F8="Yes",1,0)+IF(H8="Yes",1,0)+IF(J8="Yes",1,0)+IF(L8="Yes",1,0)+IF(N8="Yes",1,0)+IF(P8="Yes",1,0)+IF(R8="Yes",1,0)+IF(T8="Yes",1,0)+IF(V8="Yes",1,0)+IF(X8="Yes",1,0)+IF(Z8="Yes",1,0)+IF(AB8="Yes",1,0)+IF(AD8="Yes",1,0)+IF(AF8="Yes",1,0)+IF(AH8="Yes",1,0)+IF(AJ8="Yes",1,0) | AL8: =IF(D8="No",1,0)+IF(F8="No",1,0)+IF(H8="No",1,0)+IF(J8="No",1,0)+IF(L8="No",1,0)+IF(N8="No",1,0)+IF(P8="No",1,0)+IF(R8="No",1,0)+IF(T8="No",1,0)+IF(V8="No",1,0)+IF(X8="No",1,0)+IF(Z8="No",1,0)+IF(AB8="No",1,0)+IF(AD8="No",1,0)+IF(AF8="No",1,0)+IF(AH8="No",1,0)+IF(AJ8="No",1,0) | AM8: =IF(D8="",1,0)+IF(F8="",1,0)+IF(H8="",1,0)+IF(J8="",1,0)+IF(L8="",1,0)+IF(N8="",1,0)+IF(P8="",1,0)+IF(R8="",1,0)+IF(T8="",1,0)+IF(V8="",1,0)+IF(X8="",1,0)+IF(Z8="",1,0)+IF(AB8="",1,0)+IF(AD8="",1,0)+IF(AF8="",1,0)+IF(AH8="",1,0)+IF(AJ8="",1,0) | AN8: =IF(D8="Yes",1,0)+IF(F8="Yes",1,0)+IF(H8="Yes",1,0)+IF(J8="Yes",1,0)+IF(L8="Yes",1,0)+IF(N8="Yes",1,0)+IF(P8="Yes",1,0)+IF(R8="Yes",1,0)+IF(T8="Yes",1,0)+IF(V8="Yes",1,0)+IF(X8="Yes",1,0)+IF(Z8="Yes",1,0)+IF(AB8="Yes",1,0)+IF(AD8="Yes",1,0)+IF(AF8="Yes",1,0)+IF(AH8="Yes",1,0)+IF(AJ8="Yes",1,0)
A9: 5 | B9: Ryan M | C9: Jonathan Taylor | AK9: =IF(D9="Yes",1,0)+IF(F9="Yes",1,0)+IF(H9="Yes",1,0)+IF(J9="Yes",1,0)+IF(L9="Yes",1,0)+IF(N9="Yes",1,0)+IF(P9="Yes",1,0)+IF(R9="Yes",1,0)+IF(T9="Yes",1,0)+IF(V9="Yes",1,0)+IF(X9="Yes",1,0)+IF(Z9="Yes",1,0)+IF(AB9="Yes",1,0)+IF(AD9="Yes",1,0)+IF(AF9="Yes",1,0)+IF(AH9="Yes",1,0)+IF(AJ9="Yes",1,0) | AL9: =IF(D9="No",1,0)+IF(F9="No",1,0)+IF(H9="No",1,0)+IF(J9="No",1,0)+IF(L9="No",1,0)+IF(N9="No",1,0)+IF(P9="No",1,0)+IF(R9="No",1,0)+IF(T9="No",1,0)+IF(V9="No",1,0)+IF(X9="No",1,0)+IF(Z9="No",1,0)+IF(AB9="No",1,0)+IF(AD9="No",1,0)+IF(AF9="No",1,0)+IF(AH9="No",1,0)+IF(AJ9="No",1,0) | AM9: =IF(D9="",1,0)+IF(F9="",1,0)+IF(H9="",1,0)+IF(J9="",1,0)+IF(L9="",1,0)+IF(N9="",1,0)+IF(P9="",1,0)+IF(R9="",1,0)+IF(T9="",1,0)+IF(V9="",1,0)+IF(X9="",1,0)+IF(Z9="",1,0)+IF(AB9="",1,0)+IF(AD9="",1,0)+IF(AF9="",1,0)+IF(AH9="",1,0)+IF(AJ9="",1,0) | AN9: =IF(D9="Yes",1,0)+IF(F9="Yes",1,0)+IF(H9="Yes",1,0)+IF(J9="Yes",1,0)+IF(L9="Yes",1,0)+IF(N9="Yes",1,0)+IF(P9="Yes",1,0)+IF(R9="Yes",1,0)+IF(T9="Yes",1,0)+IF(V9="Yes",1,0)+IF(X9="Yes",1,0)+IF(Z9="Yes",1,0)+IF(AB9="Yes",1,0)+IF(AD9="Yes",1,0)+IF(AF9="Yes",1,0)+IF(AH9="Yes",1,0)+IF(AJ9="Yes",1,0)
A10: 6 | B10: Chase | C10: Travis Etienne Jr. | AK10: =IF(D10="Yes",1,0)+IF(F10="Yes",1,0)+IF(H10="Yes",1,0)+IF(J10="Yes",1,0)+IF(L10="Yes",1,0)+IF(N10="Yes",1,0)+IF(P10="Yes",1,0)+IF(R10="Yes",1,0)+IF(T10="Yes",1,0)+IF(V10="Yes",1,0)+IF(X10="Yes",1,0)+IF(Z10="Yes",1,0)+IF(AB10="Yes",1,0)+IF(AD10="Yes",1,0)+IF(AF10="Yes",1,0)+IF(AH10="Yes",1,0)+IF(AJ10="Yes",1,0) | AL10: =IF(D10="No",1,0)+IF(F10="No",1,0)+IF(H10="No",1,0)+IF(J10="No",1,0)+IF(L10="No",1,0)+IF(N10="No",1,0)+IF(P10="No",1,0)+IF(R10="No",1,0)+IF(T10="No",1,0)+IF(V10="No",1,0)+IF(X10="No",1,0)+IF(Z10="No",1,0)+IF(AB10="No",1,0)+IF(AD10="No",1,0)+IF(AF10="No",1,0)+IF(AH10="No",1,0)+IF(AJ10="No",1,0) | AM10: =IF(D10="",1,0)+IF(F10="",1,0)+IF(H10="",1,0)+IF(J10="",1,0)+IF(L10="",1,0)+IF(N10="",1,0)+IF(P10="",1,0)+IF(R10="",1,0)+IF(T10="",1,0)+IF(V10="",1,0)+IF(X10="",1,0)+IF(Z10="",1,0)+IF(AB10="",1,0)+IF(AD10="",1,0)+IF(AF10="",1,0)+IF(AH10="",1,0)+IF(AJ10="",1,0) | AN10: =IF(D10="Yes",1,0)+IF(F10="Yes",1,0)+IF(H10="Yes",1,0)+IF(J10="Yes",1,0)+IF(L10="Yes",1,0)+IF(N10="Yes",1,0)+IF(P10="Yes",1,0)+IF(R10="Yes",1,0)+IF(T10="Yes",1,0)+IF(V10="Yes",1,0)+IF(X10="Yes",1,0)+IF(Z10="Yes",1,0)+IF(AB10="Yes",1,0)+IF(AD10="Yes",1,0)+IF(AF10="Yes",1,0)+IF(AH10="Yes",1,0)+IF(AJ10="Yes",1,0)
A11: 7 | B11: Ryan T | C11: Jahmyr Gibbs | AK11: =IF(D11="Yes",1,0)+IF(F11="Yes",1,0)+IF(H11="Yes",1,0)+IF(J11="Yes",1,0)+IF(L11="Yes",1,0)+IF(N11="Yes",1,0)+IF(P11="Yes",1,0)+IF(R11="Yes",1,0)+IF(T11="Yes",1,0)+IF(V11="Yes",1,0)+IF(X11="Yes",1,0)+IF(Z11="Yes",1,0)+IF(AB11="Yes",1,0)+IF(AD11="Yes",1,0)+IF(AF11="Yes",1,0)+IF(AH11="Yes",1,0)+IF(AJ11="Yes",1,0) | AL11: =IF(D11="No",1,0)+IF(F11="No",1,0)+IF(H11="No",1,0)+IF(J11="No",1,0)+IF(L11="No",1,0)+IF(N11="No",1,0)+IF(P11="No",1,0)+IF(R11="No",1,0)+IF(T11="No",1,0)+IF(V11="No",1,0)+IF(X11="No",1,0)+IF(Z11="No",1,0)+IF(AB11="No",1,0)+IF(AD11="No",1,0)+IF(AF11="No",1,0)+IF(AH11="No",1,0)+IF(AJ11="No",1,0) | AM11: =IF(D11="",1,0)+IF(F11="",1,0)+IF(H11="",1,0)+IF(J11="",1,0)+IF(L11="",1,0)+IF(N11="",1,0)+IF(P11="",1,0)+IF(R11="",1,0)+IF(T11="",1,0)+IF(V11="",1,0)+IF(X11="",1,0)+IF(Z11="",1,0)+IF(AB11="",1,0)+IF(AD11="",1,0)+IF(AF11="",1,0)+IF(AH11="",1,0)+IF(AJ11="",1,0) | AN11: =IF(D11="Yes",1,0)+IF(F11="Yes",1,0)+IF(H11="Yes",1,0)+IF(J11="Yes",1,0)+IF(L11="Yes",1,0)+IF(N11="Yes",1,0)+IF(P11="Yes",1,0)+IF(R11="Yes",1,0)+IF(T11="Yes",1,0)+IF(V11="Yes",1,0)+IF(X11="Yes",1,0)+IF(Z11="Yes",1,0)+IF(AB11="Yes",1,0)+IF(AD11="Yes",1,0)+IF(AF11="Yes",1,0)+IF(AH11="Yes",1,0)+IF(AJ11="Yes",1,0)
A12: 8 | B12: Big Show | C12: Chris Olave | AK12: =IF(D12="Yes",1,0)+IF(F12="Yes",1,0)+IF(H12="Yes",1,0)+IF(J12="Yes",1,0)+IF(L12="Yes",1,0)+IF(N12="Yes",1,0)+IF(P12="Yes",1,0)+IF(R12="Yes",1,0)+IF(T12="Yes",1,0)+IF(V12="Yes",1,0)+IF(X12="Yes",1,0)+IF(Z12="Yes",1,0)+IF(AB12="Yes",1,0)+IF(AD12="Yes",1,0)+IF(AF12="Yes",1,0)+IF(AH12="Yes",1,0)+IF(AJ12="Yes",1,0) | AL12: =IF(D12="No",1,0)+IF(F12="No",1,0)+IF(H12="No",1,0)+IF(J12="No",1,0)+IF(L12="No",1,0)+IF(N12="No",1,0)+IF(P12="No",1,0)+IF(R12="No",1,0)+IF(T12="No",1,0)+IF(V12="No",1,0)+IF(X12="No",1,0)+IF(Z12="No",1,0)+IF(AB12="No",1,0)+IF(AD12="No",1,0)+IF(AF12="No",1,0)+IF(AH12="No",1,0)+IF(AJ12="No",1,0) | AM12: =IF(D12="",1,0)+IF(F12="",1,0)+IF(H12="",1,0)+IF(J12="",1,0)+IF(L12="",1,0)+IF(N12="",1,0)+IF(P12="",1,0)+IF(R12="",1,0)+IF(T12="",1,0)+IF(V12="",1,0)+IF(X12="",1,0)+IF(Z12="",1,0)+IF(AB12="",1,0)+IF(AD12="",1,0)+IF(AF12="",1,0)+IF(AH12="",1,0)+IF(AJ12="",1,0) | AN12: =IF(D12="Yes",1,0)+IF(F12="Yes",1,0)+IF(H12="Yes",1,0)+IF(J12="Yes",1,0)+IF(L12="Yes",1,0)+IF(N12="Yes",1,0)+IF(P12="Yes",1,0)+IF(R12="Yes",1,0)+IF(T12="Yes",1,0)+IF(V12="Yes",1,0)+IF(X12="Yes",1,0)+IF(Z12="Yes",1,0)+IF(AB12="Yes",1,0)+IF(AD12="Yes",1,0)+IF(AF12="Yes",1,0)+IF(AH12="Yes",1,0)+IF(AJ12="Yes",1,0)
A13: 9 | B13: Heff | C13: Derrick Henry | AK13: =IF(D13="Yes",1,0)+IF(F13="Yes",1,0)+IF(H13="Yes",1,0)+IF(J13="Yes",1,0)+IF(L13="Yes",1,0)+IF(N13="Yes",1,0)+IF(P13="Yes",1,0)+IF(R13="Yes",1,0)+IF(T13="Yes",1,0)+IF(V13="Yes",1,0)+IF(X13="Yes",1,0)+IF(Z13="Yes",1,0)+IF(AB13="Yes",1,0)+IF(AD13="Yes",1,0)+IF(AF13="Yes",1,0)+IF(AH13="Yes",1,0)+IF(AJ13="Yes",1,0) | AL13: =IF(D13="No",1,0)+IF(F13="No",1,0)+IF(H13="No",1,0)+IF(J13="No",1,0)+IF(L13="No",1,0)+IF(N13="No",1,0)+IF(P13="No",1,0)+IF(R13="No",1,0)+IF(T13="No",1,0)+IF(V13="No",1,0)+IF(X13="No",1,0)+IF(Z13="No",1,0)+IF(AB13="No",1,0)+IF(AD13="No",1,0)+IF(AF13="No",1,0)+IF(AH13="No",1,0)+IF(AJ13="No",1,0) | AM13: =IF(D13="",1,0)+IF(F13="",1,0)+IF(H13="",1,0)+IF(J13="",1,0)+IF(L13="",1,0)+IF(N13="",1,0)+IF(P13="",1,0)+IF(R13="",1,0)+IF(T13="",1,0)+IF(V13="",1,0)+IF(X13="",1,0)+IF(Z13="",1,0)+IF(AB13="",1,0)+IF(AD13="",1,0)+IF(AF13="",1,0)+IF(AH13="",1,0)+IF(AJ13="",1,0) | AN13: =IF(D13="Yes",1,0)+IF(F13="Yes",1,0)+IF(H13="Yes",1,0)+IF(J13="Yes",1,0)+IF(L13="Yes",1,0)+IF(N13="Yes",1,0)+IF(P13="Yes",1,0)+IF(R13="Yes",1,0)+IF(T13="Yes",1,0)+IF(V13="Yes",1,0)+IF(X13="Yes",1,0)+IF(Z13="Yes",1,0)+IF(AB13="Yes",1,0)+IF(AD13="Yes",1,0)+IF(AF13="Yes",1,0)+IF(AH13="Yes",1,0)+IF(AJ13="Yes",1,0)
A14: 10 | B14: Jesse | C14: Ashton Jeanty | AK14: =IF(D14="Yes",1,0)+IF(F14="Yes",1,0)+IF(H14="Yes",1,0)+IF(J14="Yes",1,0)+IF(L14="Yes",1,0)+IF(N14="Yes",1,0)+IF(P14="Yes",1,0)+IF(R14="Yes",1,0)+IF(T14="Yes",1,0)+IF(V14="Yes",1,0)+IF(X14="Yes",1,0)+IF(Z14="Yes",1,0)+IF(AB14="Yes",1,0)+IF(AD14="Yes",1,0)+IF(AF14="Yes",1,0)+IF(AH14="Yes",1,0)+IF(AJ14="Yes",1,0) | AL14: =IF(D14="No",1,0)+IF(F14="No",1,0)+IF(H14="No",1,0)+IF(J14="No",1,0)+IF(L14="No",1,0)+IF(N14="No",1,0)+IF(P14="No",1,0)+IF(R14="No",1,0)+IF(T14="No",1,0)+IF(V14="No",1,0)+IF(X14="No",1,0)+IF(Z14="No",1,0)+IF(AB14="No",1,0)+IF(AD14="No",1,0)+IF(AF14="No",1,0)+IF(AH14="No",1,0)+IF(AJ14="No",1,0) | AM14: =IF(D14="",1,0)+IF(F14="",1,0)+IF(H14="",1,0)+IF(J14="",1,0)+IF(L14="",1,0)+IF(N14="",1,0)+IF(P14="",1,0)+IF(R14="",1,0)+IF(T14="",1,0)+IF(V14="",1,0)+IF(X14="",1,0)+IF(Z14="",1,0)+IF(AB14="",1,0)+IF(AD14="",1,0)+IF(AF14="",1,0)+IF(AH14="",1,0)+IF(AJ14="",1,0) | AN14: =IF(D14="Yes",1,0)+IF(F14="Yes",1,0)+IF(H14="Yes",1,0)+IF(J14="Yes",1,0)+IF(L14="Yes",1,0)+IF(N14="Yes",1,0)+IF(P14="Yes",1,0)+IF(R14="Yes",1,0)+IF(T14="Yes",1,0)+IF(V14="Yes",1,0)+IF(X14="Yes",1,0)+IF(Z14="Yes",1,0)+IF(AB14="Yes",1,0)+IF(AD14="Yes",1,0)+IF(AF14="Yes",1,0)+IF(AH14="Yes",1,0)+IF(AJ14="Yes",1,0)
A15: 11 | B15: Coon | C15: Ja'Marr Chase | AK15: =IF(D15="Yes",1,0)+IF(F15="Yes",1,0)+IF(H15="Yes",1,0)+IF(J15="Yes",1,0)+IF(L15="Yes",1,0)+IF(N15="Yes",1,0)+IF(P15="Yes",1,0)+IF(R15="Yes",1,0)+IF(T15="Yes",1,0)+IF(V15="Yes",1,0)+IF(X15="Yes",1,0)+IF(Z15="Yes",1,0)+IF(AB15="Yes",1,0)+IF(AD15="Yes",1,0)+IF(AF15="Yes",1,0)+IF(AH15="Yes",1,0)+IF(AJ15="Yes",1,0) | AL15: =IF(D15="No",1,0)+IF(F15="No",1,0)+IF(H15="No",1,0)+IF(J15="No",1,0)+IF(L15="No",1,0)+IF(N15="No",1,0)+IF(P15="No",1,0)+IF(R15="No",1,0)+IF(T15="No",1,0)+IF(V15="No",1,0)+IF(X15="No",1,0)+IF(Z15="No",1,0)+IF(AB15="No",1,0)+IF(AD15="No",1,0)+IF(AF15="No",1,0)+IF(AH15="No",1,0)+IF(AJ15="No",1,0) | AM15: =IF(D15="",1,0)+IF(F15="",1,0)+IF(H15="",1,0)+IF(J15="",1,0)+IF(L15="",1,0)+IF(N15="",1,0)+IF(P15="",1,0)+IF(R15="",1,0)+IF(T15="",1,0)+IF(V15="",1,0)+IF(X15="",1,0)+IF(Z15="",1,0)+IF(AB15="",1,0)+IF(AD15="",1,0)+IF(AF15="",1,0)+IF(AH15="",1,0)+IF(AJ15="",1,0) | AN15: =IF(D15="Yes",1,0)+IF(F15="Yes",1,0)+IF(H15="Yes",1,0)+IF(J15="Yes",1,0)+IF(L15="Yes",1,0)+IF(N15="Yes",1,0)+IF(P15="Yes",1,0)+IF(R15="Yes",1,0)+IF(T15="Yes",1,0)+IF(V15="Yes",1,0)+IF(X15="Yes",1,0)+IF(Z15="Yes",1,0)+IF(AB15="Yes",1,0)+IF(AD15="Yes",1,0)+IF(AF15="Yes",1,0)+IF(AH15="Yes",1,0)+IF(AJ15="Yes",1,0)
A16: 12 | B16: Jacob | C16: Bijan Robinson | AK16: =IF(D16="Yes",1,0)+IF(F16="Yes",1,0)+IF(H16="Yes",1,0)+IF(J16="Yes",1,0)+IF(L16="Yes",1,0)+IF(N16="Yes",1,0)+IF(P16="Yes",1,0)+IF(R16="Yes",1,0)+IF(T16="Yes",1,0)+IF(V16="Yes",1,0)+IF(X16="Yes",1,0)+IF(Z16="Yes",1,0)+IF(AB16="Yes",1,0)+IF(AD16="Yes",1,0)+IF(AF16="Yes",1,0)+IF(AH16="Yes",1,0)+IF(AJ16="Yes",1,0) | AL16: =IF(D16="No",1,0)+IF(F16="No",1,0)+IF(H16="No",1,0)+IF(J16="No",1,0)+IF(L16="No",1,0)+IF(N16="No",1,0)+IF(P16="No",1,0)+IF(R16="No",1,0)+IF(T16="No",1,0)+IF(V16="No",1,0)+IF(X16="No",1,0)+IF(Z16="No",1,0)+IF(AB16="No",1,0)+IF(AD16="No",1,0)+IF(AF16="No",1,0)+IF(AH16="No",1,0)+IF(AJ16="No",1,0) | AM16: =IF(D16="",1,0)+IF(F16="",1,0)+IF(H16="",1,0)+IF(J16="",1,0)+IF(L16="",1,0)+IF(N16="",1,0)+IF(P16="",1,0)+IF(R16="",1,0)+IF(T16="",1,0)+IF(V16="",1,0)+IF(X16="",1,0)+IF(Z16="",1,0)+IF(AB16="",1,0)+IF(AD16="",1,0)+IF(AF16="",1,0)+IF(AH16="",1,0)+IF(AJ16="",1,0) | AN16: =IF(D16="Yes",1,0)+IF(F16="Yes",1,0)+IF(H16="Yes",1,0)+IF(J16="Yes",1,0)+IF(L16="Yes",1,0)+IF(N16="Yes",1,0)+IF(P16="Yes",1,0)+IF(R16="Yes",1,0)+IF(T16="Yes",1,0)+IF(V16="Yes",1,0)+IF(X16="Yes",1,0)+IF(Z16="Yes",1,0)+IF(AB16="Yes",1,0)+IF(AD16="Yes",1,0)+IF(AF16="Yes",1,0)+IF(AH16="Yes",1,0)+IF(AJ16="Yes",1,0)
B18: WEEK PARLAY | C18: =IF(COUNTBLANK(D5:D16)>0,"…",IF(COUNTIF(D5:D16,"No")=0,"HIT","MISS")) | E18: =IF(COUNTBLANK(F5:F16)>0,"…",IF(COUNTIF(F5:F16,"No")=0,"HIT","MISS")) | G18: =IF(COUNTBLANK(H5:H16)>0,"…",IF(COUNTIF(H5:H16,"No")=0,"HIT","MISS")) | I18: =IF(COUNTBLANK(J5:J16)>0,"…",IF(COUNTIF(J5:J16,"No")=0,"HIT","MISS")) | K18: =IF(COUNTBLANK(L5:L16)>0,"…",IF(COUNTIF(L5:L16,"No")=0,"HIT","MISS")) | M18: =IF(COUNTBLANK(N5:N16)>0,"…",IF(COUNTIF(N5:N16,"No")=0,"HIT","MISS")) | O18: =IF(COUNTBLANK(P5:P16)>0,"…",IF(COUNTIF(P5:P16,"No")=0,"HIT","MISS")) | Q18: =IF(COUNTBLANK(R5:R16)>0,"…",IF(COUNTIF(R5:R16,"No")=0,"HIT","MISS")) | S18: =IF(COUNTBLANK(T5:T16)>0,"…",IF(COUNTIF(T5:T16,"No")=0,"HIT","MISS")) | U18: =IF(COUNTBLANK(V5:V16)>0,"…",IF(COUNTIF(V5:V16,"No")=0,"HIT","MISS")) | W18: =IF(COUNTBLANK(X5:X16)>0,"…",IF(COUNTIF(X5:X16,"No")=0,"HIT","MISS")) | Y18: =IF(COUNTBLANK(Z5:Z16)>0,"…",IF(COUNTIF(Z5:Z16,"No")=0,"HIT","MISS")) | AA18: =IF(COUNTBLANK(AB5:AB16)>0,"…",IF(COUNTIF(AB5:AB16,"No")=0,"HIT","MISS")) | AC18: =IF(COUNTBLANK(AD5:AD16)>0,"…",IF(COUNTIF(AD5:AD16,"No")=0,"HIT","MISS")) | AE18: =IF(COUNTBLANK(AF5:AF16)>0,"…",IF(COUNTIF(AF5:AF16,"No")=0,"HIT","MISS")) | AG18: =IF(COUNTBLANK(AH5:AH16)>0,"…",IF(COUNTIF(AH5:AH16,"No")=0,"HIT","MISS")) | AI18: =IF(COUNTBLANK(AJ5:AJ16)>0,"…",IF(COUNTIF(AJ5:AJ16,"No")=0,"HIT","MISS"))
B20: Season parlays HIT | C20: =IF(C18="HIT",1,0)+IF(E18="HIT",1,0)+IF(G18="HIT",1,0)+IF(I18="HIT",1,0)+IF(K18="HIT",1,0)+IF(M18="HIT",1,0)+IF(O18="HIT",1,0)+IF(Q18="HIT",1,0)+IF(S18="HIT",1,0)+IF(U18="HIT",1,0)+IF(W18="HIT",1,0)+IF(Y18="HIT",1,0)+IF(AA18="HIT",1,0)+IF(AC18="HIT",1,0)+IF(AE18="HIT",1,0)+IF(AG18="HIT",1,0)+IF(AI18="HIT",1,0) | D20: of 17
B21: Season parlays MISS | C21: =IF(C18="MISS",1,0)+IF(E18="MISS",1,0)+IF(G18="MISS",1,0)+IF(I18="MISS",1,0)+IF(K18="MISS",1,0)+IF(M18="MISS",1,0)+IF(O18="MISS",1,0)+IF(Q18="MISS",1,0)+IF(S18="MISS",1,0)+IF(U18="MISS",1,0)+IF(W18="MISS",1,0)+IF(Y18="MISS",1,0)+IF(AA18="MISS",1,0)+IF(AC18="MISS",1,0)+IF(AE18="MISS",1,0)+IF(AG18="MISS",1,0)+IF(AI18="MISS",1,0)

Sheet Week 1
A1: Week 1 TD Parlay
A2: All games Sunday 9/13/2026 · Mirrors Season Week 1 (edit on Season)
A3: # | B3: Owner | C3: Player | D3: TD?
A4: 1 | B4: Nate | C4: =Season!C5 | D4: =Season!D5
A5: 2 | B5: Bill | C5: =Season!C6 | D5: =Season!D6
A6: 3 | B6: Larry | C6: =Season!C7 | D6: =Season!D7
A7: 4 | B7: Aga | C7: =Season!C8 | D7: =Season!D8
A8: 5 | B8: Ryan M | C8: =Season!C9 | D8: =Season!D9
A9: 6 | B9: Chase | C9: =Season!C10 | D9: =Season!D10
A10: 7 | B10: Ryan T | C10: =Season!C11 | D10: =Season!D11
A11: 8 | B11: Big Show | C11: =Season!C12 | D11: =Season!D12
A12: 9 | B12: Heff | C12: =Season!C13 | D12: =Season!D13
A13: 10 | B13: Jesse | C13: =Season!C14 | D13: =Season!D14
A14: 11 | B14: Coon | C14: =Season!C15 | D14: =Season!D15
A15: 12 | B15: Jacob | C15: =Season!C16 | D15: =Season!D16
A17: Hits | B17: =COUNTIF(D4:D15,"Yes")
A18: PARLAY | B18: =IF(COUNTBLANK(D4:D15)>0,"Pending",IF(COUNTIF(D4:D15,"No")=0,"HIT","MISS"))
